{"cameraMode":{"drawMode":0,"name":"Shaded","section":"Shading Mode"},"sceneLighting":true,"audioPlay":false,"sceneViewState":{"m_AlwaysRefresh":false,"showFog":true,"showSkybox":true,"showFlares":true,"showImageEffects":true,"showParticleSystems":true,"showVisualEffectGraphs":true,"m_FxEnabled":true},"in2DMode":false,"pivot":{"x":16.973283767700197,"y":0.32924845814704897,"z":15.519250869750977},"rotation":{"x":-0.10761106759309769,"y":0.6088337302207947,"z":-0.08434338122606278,"w":-0.7818498015403748},"size":0.37808656692504885,"orthographic":false}