{"cameraMode":{"drawMode":0,"name":"Shaded","section":"Shading Mode"},"sceneLighting":true,"audioPlay":false,"sceneViewState":{"m_AlwaysRefresh":false,"showFog":true,"showSkybox":true,"showFlares":true,"showImageEffects":true,"showParticleSystems":true,"showVisualEffectGraphs":true,"m_FxEnabled":true},"in2DMode":false,"pivot":{"x":4.004907608032227,"y":0.2557102143764496,"z":-11.668659210205079},"rotation":{"x":0.10404632240533829,"y":-0.23952437937259675,"z":0.025826459750533105,"w":0.964959979057312},"size":0.19515067338943482,"orthographic":false}