{"cameraMode":{"drawMode":0,"name":"Shaded","section":"Shading Mode"},"sceneLighting":false,"audioPlay":false,"sceneViewState":{"m_AlwaysRefresh":false,"showFog":false,"showSkybox":false,"showFlares":false,"showImageEffects":false,"showParticleSystems":false,"showVisualEffectGraphs":true,"m_FxEnabled":true},"in2DMode":false,"pivot":{"x":0.0794532522559166,"y":0.6415556073188782,"z":-0.015865514054894449},"rotation":{"x":0.10863824188709259,"y":-0.8773413896560669,"z":0.2364034801721573,"w":0.4040431082248688},"size":0.45131123065948489,"orthographic":false}